{
  "device": "NVIDIA H20-3e",
  "sm": "90",
  "torch": "2.12.1+cu130",
  "triton": "3.7.1",
  "iters": 80,
  "warmup": 20,
  "block_size": 16,
  "rows": [
    {
      "cfg": "full",
      "mode": "prefill",
      "L": 1024,
      "head_dim": 512,
      "num_q_heads": 32,
      "num_kv_heads": 4,
      "window": null,
      "fa4_ms": 0.52537602186203,
      "fa4_base_ms": 0.52537602186203,
      "triton_ms": 0.7666879892349243,
      "fa4_over_triton": 0.6852540136781081,
      "fa4_base_over_triton": 0.6852540136781081,
      "decode_split": 1,
      "fa4_decode_speedup": 1.0,
      "fa4_tflops": 65.46414638053673,
      "triton_tflops": 44.859569059273994,
      "max_abs_diff": 0.00390625,
      "cosine": 0.9999985098838806,
      "vs_sdpa": "fa1.0000/tr1.0000"
    },
    {
      "cfg": "full",
      "mode": "prefill",
      "L": 2048,
      "head_dim": 512,
      "num_q_heads": 32,
      "num_kv_heads": 4,
      "window": null,
      "fa4_ms": 1.6843520402908325,
      "fa4_base_ms": 1.6843520402908325,
      "triton_ms": 2.823904037475586,
      "fa4_over_triton": 0.5964622090333318,
      "fa4_base_over_triton": 0.5964622090333318,
      "decode_split": 1,
      "fa4_decode_speedup": 1.0,
      "fa4_tflops": 81.63736502035358,
      "triton_tflops": 48.693603079700544,
      "max_abs_diff": 0.0078125,
      "cosine": 0.9999983310699463,
      "vs_sdpa": "fa1.0000/tr1.0000"
    },
    {
      "cfg": "full",
      "mode": "prefill",
      "L": 4096,
      "head_dim": 512,
      "num_q_heads": 32,
      "num_kv_heads": 4,
      "window": null,
      "fa4_ms": 6.144224166870117,
      "fa4_base_ms": 6.144224166870117,
      "triton_ms": 10.729248046875,
      "fa4_over_triton": 0.5726612098095433,
      "fa4_base_over_triton": 0.5726612098095433,
      "decode_split": 1,
      "fa4_decode_speedup": 1.0,
      "fa4_tflops": 89.49706532209996,
      "triton_tflops": 51.25149770175748,
      "max_abs_diff": 0.0078125,
      "cosine": 0.9999980330467224,
      "vs_sdpa": "fa1.0000/tr1.0000"
    },
    {
      "cfg": "full",
      "mode": "prefill",
      "L": 8192,
      "head_dim": 512,
      "num_q_heads": 32,
      "num_kv_heads": 4,
      "window": null,
      "fa4_ms": 23.711008071899414,
      "fa4_base_ms": 23.711008071899414,
      "triton_ms": 42.02115249633789,
      "fa4_over_triton": 0.5642636306551994,
      "fa4_base_over_triton": 0.5642636306551994,
      "decode_split": 1,
      "fa4_decode_speedup": 1.0,
      "fa4_tflops": 92.75403577692855,
      "triton_tflops": 52.337728985411964,
      "max_abs_diff": 0.0078125,
      "cosine": 0.9999977946281433,
      "vs_sdpa": ""
    },
    {
      "cfg": "full",
      "mode": "prefill",
      "L": 16384,
      "head_dim": 512,
      "num_q_heads": 32,
      "num_kv_heads": 4,
      "window": null,
      "fa4_ms": 93.42323303222656,
      "fa4_base_ms": 93.42323303222656,
      "triton_ms": 166.16297912597656,
      "fa4_over_triton": 0.5622385535191788,
      "fa4_base_over_triton": 0.5622385535191788,
      "decode_split": 1,
      "fa4_decode_speedup": 1.0,
      "fa4_tflops": 94.15891109319222,
      "triton_tflops": 52.93976997397735,
      "max_abs_diff": 0.0078125,
      "cosine": 0.9999975562095642,
      "vs_sdpa": ""
    },
    {
      "cfg": "full",
      "mode": "prefill",
      "L": 32768,
      "head_dim": 512,
      "num_q_heads": 32,
      "num_kv_heads": 4,
      "window": null,
      "fa4_ms": 370.784423828125,
      "fa4_base_ms": 370.784423828125,
      "triton_ms": 661.9427490234375,
      "fa4_over_triton": 0.5601457593955707,
      "fa4_base_over_triton": 0.5601457593955707,
      "decode_split": 1,
      "fa4_decode_speedup": 1.0,
      "fa4_tflops": 94.8946168433602,
      "triton_tflops": 53.1548172142757,
      "max_abs_diff": 0.0078125,
      "cosine": 0.9999974966049194,
      "vs_sdpa": ""
    },
    {
      "cfg": "full",
      "mode": "decode",
      "L": 1024,
      "head_dim": 512,
      "num_q_heads": 32,
      "num_kv_heads": 4,
      "window": null,
      "fa4_ms": 0.08752000331878662,
      "fa4_base_ms": 0.1844799965620041,
      "triton_ms": 0.08233600109815598,
      "fa4_over_triton": 1.062961549644008,
      "fa4_base_over_triton": 2.240575132402632,
      "decode_split": 8,
      "fa4_decode_speedup": 2.107860941115898,
      "fa4_tflops": 0.7667831519105385,
      "triton_tflops": 0.8150610073957428,
      "max_abs_diff": 0.0009765625,
      "cosine": 0.9999954104423523,
      "vs_sdpa": "fa1.0000/tr1.0000"
    },
    {
      "cfg": "full",
      "mode": "decode",
      "L": 2048,
      "head_dim": 512,
      "num_q_heads": 32,
      "num_kv_heads": 4,
      "window": null,
      "fa4_ms": 0.0872960016131401,
      "fa4_base_ms": 0.29721599817276,
      "triton_ms": 0.08246400207281113,
      "fa4_over_triton": 1.0585952587659109,
      "fa4_base_over_triton": 3.604190806921241,
      "decode_split": 16,
      "fa4_decode_speedup": 3.4046919982646946,
      "fa4_tflops": 1.5375014378642178,
      "triton_tflops": 1.6275917324688318,
      "max_abs_diff": 0.00048828125,
      "cosine": 0.9999954104423523,
      "vs_sdpa": "fa1.0000/tr1.0000"
    },
    {
      "cfg": "full",
      "mode": "decode",
      "L": 4096,
      "head_dim": 512,
      "num_q_heads": 32,
      "num_kv_heads": 4,
      "window": null,
      "fa4_ms": 0.09200000017881393,
      "fa4_base_ms": 0.5281599760055542,
      "triton_ms": 0.08694399893283844,
      "fa4_over_triton": 1.058152388986399,
      "fa4_base_over_triton": 6.074714557511227,
      "decode_split": 32,
      "fa4_decode_speedup": 5.740869293250074,
      "fa4_tflops": 2.917776689981096,
      "triton_tflops": 3.0874523750323255,
      "max_abs_diff": 0.00048828125,
      "cosine": 0.9999949932098389,
      "vs_sdpa": "fa1.0000/tr1.0000"
    },
    {
      "cfg": "full",
      "mode": "decode",
      "L": 8192,
      "head_dim": 512,
      "num_q_heads": 32,
      "num_kv_heads": 4,
      "window": null,
      "fa4_ms": 0.08982399851083755,
      "fa4_base_ms": 0.9651839733123779,
      "triton_ms": 0.08700799942016602,
      "fa4_over_triton": 1.0323648297793049,
      "fa4_base_over_triton": 11.093048682241916,
      "decode_split": 16,
      "fa4_decode_speedup": 10.745279539030156,
      "fa4_tflops": 5.976920654842869,
      "triton_tflops": 6.17036267444127,
      "max_abs_diff": 0.00048828125,
      "cosine": 0.9999945163726807,
      "vs_sdpa": "fa1.0000/tr1.0000"
    },
    {
      "cfg": "full",
      "mode": "decode",
      "L": 16384,
      "head_dim": 512,
      "num_q_heads": 32,
      "num_kv_heads": 4,
      "window": null,
      "fa4_ms": 0.13148799538612366,
      "fa4_base_ms": 1.8426239490509033,
      "triton_ms": 0.13952000439167023,
      "fa4_over_triton": 0.9424311299260101,
      "fa4_base_over_triton": 13.206879953057927,
      "decode_split": 16,
      "fa4_decode_speedup": 14.01362872435548,
      "fa4_tflops": 8.166082545002547,
      "triton_tflops": 7.6959703999558196,
      "max_abs_diff": 0.000244140625,
      "cosine": 0.999994158744812,
      "vs_sdpa": "fa1.0000/tr1.0000"
    },
    {
      "cfg": "full",
      "mode": "decode",
      "L": 32768,
      "head_dim": 512,
      "num_q_heads": 32,
      "num_kv_heads": 4,
      "window": null,
      "fa4_ms": 0.2425599992275238,
      "fa4_base_ms": 3.596031904220581,
      "triton_ms": 0.26262399554252625,
      "fa4_over_triton": 0.9236018160733773,
      "fa4_base_over_triton": 13.692701220206217,
      "decode_split": 16,
      "fa4_decode_speedup": 14.825329467648396,
      "fa4_tflops": 8.853412165398458,
      "triton_tflops": 8.177027554408149,
      "max_abs_diff": 0.000244140625,
      "cosine": 0.9999940395355225,
      "vs_sdpa": "fa1.0000/tr1.0000"
    },
    {
      "cfg": "sliding",
      "mode": "prefill",
      "L": 1024,
      "head_dim": 256,
      "num_q_heads": 32,
      "num_kv_heads": 16,
      "window": 1024,
      "fa4_ms": 0.22172799706459045,
      "fa4_base_ms": 0.22172799706459045,