{
  "device": "NVIDIA H20-3e",
  "sm": "90",
  "torch": "2.12.1+cu130",
  "triton": "3.7.1",
  "iters": 50,
  "warmup": 10,
  "block_size": 16,
  "rows": [
    {
      "cfg": "full",
      "mode": "prefill",
      "L": 1024,
      "head_dim": 512,
      "num_q_heads": 32,
      "num_kv_heads": 4,
      "window": null,
      "fa4_ms": 0.5251839756965637,
      "fa4_base_ms": 0.5251839756965637,
      "triton_ms": 0.7656000256538391,
      "fa4_over_triton": 0.6859769567641343,
      "fa4_base_over_triton": 0.6859769567641343,
      "decode_split": 1,
      "fa4_decode_speedup": 1.0,
      "fa4_tflops": 65.48808492182835,
      "triton_tflops": 44.923317198987,
      "max_abs_diff": 0.00390625,
      "cosine": 0.9999985098838806,
      "vs_sdpa": "fa1.0000/tr1.0000"
    },
    {
      "cfg": "full",
      "mode": "prefill",
      "L": 2048,
      "head_dim": 512,
      "num_q_heads": 32,
      "num_kv_heads": 4,
      "window": null,
      "fa4_ms": 1.6869759559631348,
      "fa4_base_ms": 1.6869759559631348,
      "triton_ms": 2.824064016342163,
      "fa4_over_triton": 0.5973575479171224,
      "fa4_base_over_triton": 0.5973575479171224,
      "decode_split": 1,
      "fa4_decode_speedup": 1.0,
      "fa4_tflops": 81.51038658846475,
      "triton_tflops": 48.690844662262,
      "max_abs_diff": 0.0078125,
      "cosine": 0.9999983310699463,
      "vs_sdpa": "fa1.0000/tr1.0000"
    },
    {
      "cfg": "full",
      "mode": "prefill",
      "L": 4096,
      "head_dim": 512,
      "num_q_heads": 32,
      "num_kv_heads": 4,
      "window": null,
      "fa4_ms": 6.186079978942871,
      "fa4_base_ms": 6.186079978942871,
      "triton_ms": 10.820799827575684,
      "fa4_over_triton": 0.5716841709961484,
      "fa4_base_over_triton": 0.5716841709961484,
      "decode_split": 1,
      "fa4_decode_speedup": 1.0,
      "fa4_tflops": 88.89151667741125,
      "triton_tflops": 50.81787302031615,
      "max_abs_diff": 0.0078125,
      "cosine": 0.9999980330467224,
      "vs_sdpa": "fa1.0000/tr1.0000"
    },
    {
      "cfg": "full",
      "mode": "prefill",
      "L": 8192,
      "head_dim": 512,
      "num_q_heads": 32,
      "num_kv_heads": 4,
      "window": null,
      "fa4_ms": 23.724512100219727,
      "fa4_base_ms": 23.724512100219727,
      "triton_ms": 42.024993896484375,
      "fa4_over_triton": 0.5645333859811557,
      "fa4_base_over_triton": 0.5645333859811557,
      "decode_split": 1,
      "fa4_decode_speedup": 1.0,
      "fa4_tflops": 92.70124003888918,
      "triton_tflops": 52.33294492380599,
      "max_abs_diff": 0.0078125,
      "cosine": 0.9999977946281433,
      "vs_sdpa": ""
    },
    {
      "cfg": "full",
      "mode": "prefill",
      "L": 16384,
      "head_dim": 512,
      "num_q_heads": 32,
      "num_kv_heads": 4,
      "window": null,
      "fa4_ms": 93.52156829833984,
      "fa4_base_ms": 93.52156829833984,
      "triton_ms": 166.1721649169922,
      "fa4_over_triton": 0.5627992410465169,
      "fa4_base_over_triton": 0.5627992410465169,
      "decode_split": 1,
      "fa4_decode_speedup": 1.0,
      "fa4_tflops": 94.05990567927799,
      "triton_tflops": 52.936843529204616,
      "max_abs_diff": 0.0078125,
      "cosine": 0.9999975562095642,
      "vs_sdpa": ""
    },
    {
      "cfg": "full",
      "mode": "prefill",
      "L": 32768,
      "head_dim": 512,
      "num_q_heads": 32,
      "num_kv_heads": 4,
      "window": null,
      "fa4_ms": 371.2633972167969,
      "fa4_base_ms": 371.2633972167969,
      "triton_ms": 661.9466552734375,
      "fa4_over_triton": 0.5608660369519279,
      "fa4_base_over_triton": 0.5608660369519279,
      "decode_split": 1,
      "fa4_decode_speedup": 1.0,
      "fa4_tflops": 94.77219164190777,
      "triton_tflops": 53.15450353944543,
      "max_abs_diff": 0.0078125,
      "cosine": 0.9999974966049194,
      "vs_sdpa": ""
    },
    {
      "cfg": "full",
      "mode": "decode",
      "L": 1024,
      "head_dim": 512,
      "num_q_heads": 32,
      "num_kv_heads": 4,
      "window": null,
      "fa4_ms": 0.19616000354290009,
      "fa4_base_ms": 0.18515199422836304,
      "triton_ms": 0.08256000280380249,
      "fa4_over_triton": 2.3759689544713227,
      "fa4_base_over_triton": 2.2426355128446707,
      "decode_split": 8,
      "fa4_decode_speedup": 0.943882498390506,
      "fa4_tflops": 0.34211288125982997,
      "triton_tflops": 0.81284958479809,
      "max_abs_diff": 0.0009765625,
      "cosine": 0.9999954104423523,
      "vs_sdpa": "fa1.0000/tr1.0000"
    },
    {
      "cfg": "full",
      "mode": "decode",
      "L": 2048,
      "head_dim": 512,
      "num_q_heads": 32,
      "num_kv_heads": 4,
      "window": null,
      "fa4_ms": 0.18979200720787048,
      "fa4_base_ms": 0.2984960079193115,
      "triton_ms": 0.08217599987983704,
      "fa4_over_triton": 2.3095795303421487,
      "fa4_base_over_triton": 3.632398855575732,
      "decode_split": 32,
      "fa4_decode_speedup": 1.5727533119578767,
      "fa4_tflops": 0.7071832474641435,
      "triton_tflops": 1.6332959525440722,
      "max_abs_diff": 0.0009765625,
      "cosine": 0.9999957084655762,
      "vs_sdpa": "fa1.0000/tr1.0000"
    },
    {
      "cfg": "full",
      "mode": "decode",
      "L": 4096,
      "head_dim": 512,
      "num_q_heads": 32,
      "num_kv_heads": 4,
      "window": null,
      "fa4_ms": 0.1900479942560196,
      "fa4_base_ms": 0.5271360278129578,
      "triton_ms": 0.08720000088214874,
      "fa4_over_triton": 2.17944945336492,
      "fa4_base_over_triton": 6.045137872479897,
      "decode_split": 32,
      "fa4_decode_speedup": 2.7736995061512535,
      "fa4_tflops": 1.412461399820838,
      "triton_tflops": 3.078388225738575,
      "max_abs_diff": 0.00048828125,
      "cosine": 0.9999949932098389,
      "vs_sdpa": "fa1.0000/tr1.0000"
    },
    {
      "cfg": "full",
      "mode": "decode",
      "L": 8192,
      "head_dim": 512,
      "num_q_heads": 32,
      "num_kv_heads": 4,
      "window": null,
      "fa4_ms": 0.19926400482654572,
      "fa4_base_ms": 0.967199981212616,
      "triton_ms": 0.08700799942016602,
      "fa4_over_triton": 2.2901802840482492,
      "fa4_base_over_triton": 11.11621905638766,
      "decode_split": 16,
      "fa4_decode_speedup": 4.853862001090158,
      "fa4_tflops": 2.694269406395463,
      "triton_tflops": 6.17036267444127,
      "max_abs_diff": 0.00048828125,
      "cosine": 0.9999945163726807,
      "vs_sdpa": "fa1.0000/tr1.0000"
    },
    {
      "cfg": "full",
      "mode": "decode",
      "L": 16384,
      "head_dim": 512,
      "num_q_heads": 32,
      "num_kv_heads": 4,
      "window": null,
      "fa4_ms": 0.23871999979019165,
      "fa4_base_ms": 1.8424320220947266,
      "triton_ms": 0.13872000575065613,
      "fa4_over_triton": 1.7208765130768642,
      "fa4_base_over_triton": 13.28166050833668,
      "decode_split": 16,
      "fa4_decode_speedup": 7.717962565826154,
      "fa4_tflops": 4.497913140682388,
      "triton_tflops": 7.740353081660114,
      "max_abs_diff": 0.000244140625,
      "cosine": 0.999994158744812,
      "vs_sdpa": "fa1.0000/tr1.0000"
    },
    {
      "cfg": "full",
      "mode": "decode",
      "L": 32768,
      "head_dim": 512,
      "num_q_heads": 32,
      "num_kv_heads": 4,
      "window": null,
      "fa4_ms": 0.3532159924507141,
      "fa4_base_ms": 3.594719886779785,
      "triton_ms": 0.2622080147266388,
      "fa4_over_triton": 1.3470831271841723,
      "fa4_base_over_triton": 13.709420326176561,
      "decode_split": 16,
      "fa4_decode_speedup": 10.177115316434527,
      "fa4_tflops": 6.079802992781105,
      "triton_tflops": 8.190000028179261,
      "max_abs_diff": 0.000244140625,
      "cosine": 0.9999939203262329,
      "vs_sdpa": "fa1.0000/tr1.0000"
    },
    {
      "cfg": "sliding",
      "mode": "prefill",
      "L": 1024,
      "head_dim": 256,
      "num_q_heads": 32,
      "num_kv_heads": 16,
      "window": 1024,
      "fa4_ms": 0.2215680032968521,
      "fa4_base_ms": 0.2215680032968521,